ID,Issue,System,Severity,Owner,Action,Due Date,Status
ISS-001,Regulatory basis for a human-carrying experimental jet VTOL aircraft (NCAA and other authorities) is undetermined; current requirements must be verified from authoritative sources,Programme,Critical,CERT [NAME TBD],First findings recorded (HFPX-CERT-RES-001: Nig.CARs 2023 confirmed items + TBD actions); obtain airworthiness text + engage NCAA | Burn-down: HFPX-PGM-SRR-002 pre-SRR,pre-SRR,OPEN
ISS-002,No stakeholder needs or mission definition baselined; SyRS cannot be written until Vol 01.1-01.4 exist,Programme,Critical,CHENG/SYS [NAMES TBD],Draft mission definition and CONOPS | Burn-down: HFPX-PGM-SRR-002 pre-SRR,pre-SRR,OPEN
ISS-003,"Propulsion energy-source trade study (jet fuel turbine, ethanol turbine, hydrogen turbine, hydrogen-electric, battery-electric) not started",SYS-03,High,TBD,Propulsion energy trade study complete as conditional evaluation (HFPX-PROP-TRD-001); selection DDR still required,TBD,OPEN
ISS-004,"Airframe trade study (conventional wing, lifting body, blended lifting body, deployable wing, hybrid) not started",SYS-01/SYS-02,High,TBD,Airframe concept trade study complete with no selection (HFPX-STR-TRD-001); screening evidence (CFD/tunnel/6-DOF) still required,TBD,OPEN
ISS-005,Defence variant (Vol 31.3): legal and export-control implications not assessed,Programme,High,TBD,Obtain legal/regulatory advice before variant work,TBD,OPEN
ISS-006,"Feasibility of hover/transition control authority for a prone or semi-prone pilot with distributed arm, rear and ankle propulsion is unanalysed",SYS-05,Critical,FCS-SIM [NAMES TBD] + SAFE concurrence,6-DOF core + first verification suite executed 5/5 PASS (HFPX-SIM-SIX-002/VC6-001); UNVERIFIED — input data + authority comparison + register entry required | Burn-down: HFPX-PGM-SRR-002 SRR-plan/PDR-close,SRR-plan/PDR-close,OPEN
ISS-007,Thrust-to-weight and energy/endurance feasibility not analysed; no mass or thrust budget exists,SYS-03/SYS-04,Critical,PROP-AERO [NAMES TBD] + SAFE concurrence,First-issue reference-class budgets computed (HFPX-AERO-BDG-001); baselined budgets + cruise drag still required | Burn-down: HFPX-PGM-SRR-002 SRR-exit,SRR-exit,OPEN
ISS-008,Recovery-system effectiveness at low altitude and in hover is unanalysed,SYS-16,Critical,SAFE [NAME TBD],First recovery parametrics complete (HFPX-SAFE-FSB-001); canopy/timeline/tolerance data + RST demonstration required | Burn-down: HFPX-PGM-SRR-002 SRR-plan/TRR-close,SRR-plan/TRR-close,OPEN
ISS-009,"20 chapters without draft documents (01.5, 01.12-01.18, 22.2-22.13); SRR-002 blocked",Programme,High,TBD,All 20 chapters drafted (Tranche 8); verified 517/517 linked,TBD,CLOSED
ISS-010,273 requirements lack verification method; 30 rows weak parentage; SRR-003/004 blocked,Programme,High,TBD,Methods/parents repaired per HFPX-PGM-SCO-001 rulebook; doc/RTM agreement 100%,TBD,CLOSED
ISS-011,"All document owners/approvers TBD; SRR-005 blocked, decisions will stall post-SRR",Programme,High,CHENG [BOLTE authority to name],BOLTE authority assignment per 00.3 role definitions | Burn-down: HFPX-PGM-SRR-002 pre-SRR (4 leads minimum: CHENG/SAFE/CERT/VV),pre-SRR,OPEN
