Vt (m/s),Fixed timeline (s),Decel (m/s2),d_stop (m),h_min (m),Basis,Status
5.0,0.5,3.0,0.4,2.9,h=Vt*t+d; d=Vt^2/2a; timeline+decel PARAMETRIC,PARAMETRIC
5.0,0.5,5.0,0.3,2.8,h=Vt*t+d; d=Vt^2/2a; timeline+decel PARAMETRIC,PARAMETRIC
5.0,0.5,8.0,0.2,2.7,h=Vt*t+d; d=Vt^2/2a; timeline+decel PARAMETRIC,PARAMETRIC
5.0,1.0,3.0,0.4,5.4,h=Vt*t+d; d=Vt^2/2a; timeline+decel PARAMETRIC,PARAMETRIC
5.0,1.0,5.0,0.3,5.3,h=Vt*t+d; d=Vt^2/2a; timeline+decel PARAMETRIC,PARAMETRIC
5.0,1.0,8.0,0.2,5.2,h=Vt*t+d; d=Vt^2/2a; timeline+decel PARAMETRIC,PARAMETRIC
5.0,2.0,3.0,0.4,10.4,h=Vt*t+d; d=Vt^2/2a; timeline+decel PARAMETRIC,PARAMETRIC
5.0,2.0,5.0,0.3,10.3,h=Vt*t+d; d=Vt^2/2a; timeline+decel PARAMETRIC,PARAMETRIC
5.0,2.0,8.0,0.2,10.2,h=Vt*t+d; d=Vt^2/2a; timeline+decel PARAMETRIC,PARAMETRIC
5.0,4.0,3.0,0.4,20.4,h=Vt*t+d; d=Vt^2/2a; timeline+decel PARAMETRIC,PARAMETRIC
5.0,4.0,5.0,0.3,20.3,h=Vt*t+d; d=Vt^2/2a; timeline+decel PARAMETRIC,PARAMETRIC
5.0,4.0,8.0,0.2,20.2,h=Vt*t+d; d=Vt^2/2a; timeline+decel PARAMETRIC,PARAMETRIC
7.5,0.5,3.0,1.0,4.7,h=Vt*t+d; d=Vt^2/2a; timeline+decel PARAMETRIC,PARAMETRIC
7.5,0.5,5.0,0.6,4.3,h=Vt*t+d; d=Vt^2/2a; timeline+decel PARAMETRIC,PARAMETRIC
7.5,0.5,8.0,0.4,4.1,h=Vt*t+d; d=Vt^2/2a; timeline+decel PARAMETRIC,PARAMETRIC
7.5,1.0,3.0,1.0,8.5,h=Vt*t+d; d=Vt^2/2a; timeline+decel PARAMETRIC,PARAMETRIC
7.5,1.0,5.0,0.6,8.1,h=Vt*t+d; d=Vt^2/2a; timeline+decel PARAMETRIC,PARAMETRIC
7.5,1.0,8.0,0.4,7.9,h=Vt*t+d; d=Vt^2/2a; timeline+decel PARAMETRIC,PARAMETRIC
7.5,2.0,3.0,1.0,16.0,h=Vt*t+d; d=Vt^2/2a; timeline+decel PARAMETRIC,PARAMETRIC
7.5,2.0,5.0,0.6,15.6,h=Vt*t+d; d=Vt^2/2a; timeline+decel PARAMETRIC,PARAMETRIC
7.5,2.0,8.0,0.4,15.4,h=Vt*t+d; d=Vt^2/2a; timeline+decel PARAMETRIC,PARAMETRIC
7.5,4.0,3.0,1.0,31.0,h=Vt*t+d; d=Vt^2/2a; timeline+decel PARAMETRIC,PARAMETRIC
7.5,4.0,5.0,0.6,30.6,h=Vt*t+d; d=Vt^2/2a; timeline+decel PARAMETRIC,PARAMETRIC
7.5,4.0,8.0,0.4,30.4,h=Vt*t+d; d=Vt^2/2a; timeline+decel PARAMETRIC,PARAMETRIC
10.0,0.5,3.0,1.7,6.7,h=Vt*t+d; d=Vt^2/2a; timeline+decel PARAMETRIC,PARAMETRIC
10.0,0.5,5.0,1.0,6.0,h=Vt*t+d; d=Vt^2/2a; timeline+decel PARAMETRIC,PARAMETRIC
10.0,0.5,8.0,0.6,5.6,h=Vt*t+d; d=Vt^2/2a; timeline+decel PARAMETRIC,PARAMETRIC
10.0,1.0,3.0,1.7,11.7,h=Vt*t+d; d=Vt^2/2a; timeline+decel PARAMETRIC,PARAMETRIC
10.0,1.0,5.0,1.0,11.0,h=Vt*t+d; d=Vt^2/2a; timeline+decel PARAMETRIC,PARAMETRIC
10.0,1.0,8.0,0.6,10.6,h=Vt*t+d; d=Vt^2/2a; timeline+decel PARAMETRIC,PARAMETRIC
10.0,2.0,3.0,1.7,21.7,h=Vt*t+d; d=Vt^2/2a; timeline+decel PARAMETRIC,PARAMETRIC
10.0,2.0,5.0,1.0,21.0,h=Vt*t+d; d=Vt^2/2a; timeline+decel PARAMETRIC,PARAMETRIC
10.0,2.0,8.0,0.6,20.6,h=Vt*t+d; d=Vt^2/2a; timeline+decel PARAMETRIC,PARAMETRIC
10.0,4.0,3.0,1.7,41.7,h=Vt*t+d; d=Vt^2/2a; timeline+decel PARAMETRIC,PARAMETRIC
10.0,4.0,5.0,1.0,41.0,h=Vt*t+d; d=Vt^2/2a; timeline+decel PARAMETRIC,PARAMETRIC
10.0,4.0,8.0,0.6,40.6,h=Vt*t+d; d=Vt^2/2a; timeline+decel PARAMETRIC,PARAMETRIC
12.5,0.5,3.0,2.7,8.9,h=Vt*t+d; d=Vt^2/2a; timeline+decel PARAMETRIC,PARAMETRIC
12.5,0.5,5.0,1.6,7.8,h=Vt*t+d; d=Vt^2/2a; timeline+decel PARAMETRIC,PARAMETRIC
12.5,0.5,8.0,1.0,7.2,h=Vt*t+d; d=Vt^2/2a; timeline+decel PARAMETRIC,PARAMETRIC
12.5,1.0,3.0,2.7,15.2,h=Vt*t+d; d=Vt^2/2a; timeline+decel PARAMETRIC,PARAMETRIC
12.5,1.0,5.0,1.6,14.1,h=Vt*t+d; d=Vt^2/2a; timeline+decel PARAMETRIC,PARAMETRIC
12.5,1.0,8.0,1.0,13.5,h=Vt*t+d; d=Vt^2/2a; timeline+decel PARAMETRIC,PARAMETRIC
12.5,2.0,3.0,2.7,27.7,h=Vt*t+d; d=Vt^2/2a; timeline+decel PARAMETRIC,PARAMETRIC
12.5,2.0,5.0,1.6,26.6,h=Vt*t+d; d=Vt^2/2a; timeline+decel PARAMETRIC,PARAMETRIC
12.5,2.0,8.0,1.0,26.0,h=Vt*t+d; d=Vt^2/2a; timeline+decel PARAMETRIC,PARAMETRIC
12.5,4.0,3.0,2.7,52.7,h=Vt*t+d; d=Vt^2/2a; timeline+decel PARAMETRIC,PARAMETRIC
12.5,4.0,5.0,1.6,51.6,h=Vt*t+d; d=Vt^2/2a; timeline+decel PARAMETRIC,PARAMETRIC
12.5,4.0,8.0,1.0,51.0,h=Vt*t+d; d=Vt^2/2a; timeline+decel PARAMETRIC,PARAMETRIC
