Canopy area m2,Vt_lo (m/s),Vt_hi (m/s),Cd,Basis,Status
20,8.23,9.61,1.3,Vt=sqrt(2W/rho Cd A); W TBC; Cd REF-CLASS TBC,PARAMETRIC
20,7.2,8.4,1.7,Vt=sqrt(2W/rho Cd A); W TBC; Cd REF-CLASS TBC,PARAMETRIC
30,6.72,7.85,1.3,Vt=sqrt(2W/rho Cd A); W TBC; Cd REF-CLASS TBC,PARAMETRIC
30,5.88,6.86,1.7,Vt=sqrt(2W/rho Cd A); W TBC; Cd REF-CLASS TBC,PARAMETRIC
40,5.82,6.8,1.3,Vt=sqrt(2W/rho Cd A); W TBC; Cd REF-CLASS TBC,PARAMETRIC
40,5.09,5.94,1.7,Vt=sqrt(2W/rho Cd A); W TBC; Cd REF-CLASS TBC,PARAMETRIC
60,4.75,5.55,1.3,Vt=sqrt(2W/rho Cd A); W TBC; Cd REF-CLASS TBC,PARAMETRIC
60,4.16,4.85,1.7,Vt=sqrt(2W/rho Cd A); W TBC; Cd REF-CLASS TBC,PARAMETRIC
80,4.12,4.81,1.3,Vt=sqrt(2W/rho Cd A); W TBC; Cd REF-CLASS TBC,PARAMETRIC
80,3.6,4.2,1.7,Vt=sqrt(2W/rho Cd A); W TBC; Cd REF-CLASS TBC,PARAMETRIC
